{
  "last_round": 59,
  "f1_micro": 0.6527093596059114,
  "f1_macro": 0.6298473812990112,
  "f1_weighted": 0.642836656209481,
  "accuracy": 0.6527093596059114
}